{"cameraMode":{"drawMode":0,"name":"Shaded","section":"Shading Mode"},"sceneLighting":false,"audioPlay":false,"sceneViewState":{"showFog":true,"showMaterialUpdate":false,"showSkybox":true,"showFlares":true,"showImageEffects":true,"showParticleSystems":true},"in2DMode":false,"pivot":{"x":-9.766496658325196,"y":-14.639947891235352,"z":-18.299772262573243},"rotation":{"x":0.12957221269607545,"y":-0.742448091506958,"z":0.15035469830036164,"w":0.6398244500160217},"size":76.8718490600586,"orthographic":false}